event_id,mortality_signal
21313725523,0
21313725537,0
21313725545,0
21335177770,0
21335177786,0
21335177799,0
21373097546,0
21373097554,0
21373097560,0
21551806723,0
21599539568,0
21599539569,0
21517098679,0
21517098700,0
21517098707,0
21551806772,0
21551806793,0
21551806821,0
21599539578,0
21599539585,0
21599539588,0
21681782385,0
21681782387,0
21681782390,0
21787139362,0
21787139366,0
21787139371,0
21787139379,0
21787139390,0
21787139410,0
21859718336,0
21859718346,0
21859718362,0
21890900361,0
21890900368,0
21890900382,0
21954780647,0
21954780655,0
21954780666,0
22034920065,0
22034920084,0
22034920104,0
22367978838,0
22367978848,0
22367978861,0
22574770779,0
22574770791,0
22574770810,0
24885888700,0
24885888701,0
24885888702,0
24793389813,0
24793389825,0
24793389833,0
24793389846,0
24793389857,0
24793389871,0
24885888703,0
24885888704,0
24885888707,0
25434268878,0
25434268886,0
25434268962,0
21313725524,0
21313725538,0
21313725546,0
21566633693,0
21566633694,0
21566633695,0
21632060579,0
21632060583,0
21632060588,0
21632060592,0
21632060597,0
21632060603,0
21697560530,0
21697560534,0
21697560542,0
21799719740,0
21697560573,0
21697560591,0
21799719742,0
21799719744,0
21799719748,0
22335556332,0
22335556333,0
22335556334,0
22018446646,0
22018446650,0
22018446656,0
22335556337,0
22335556341,0
22335556343,0
23119367581,0
23119367582,0
23119367584,0
23119367587,0
23119367589,0
23119367593,0
23213804120,0
23213804124,0
23213804138,0
23503662695,0
23503662707,0
23503662733,0
24793389817,0
24793389829,0
24793389834,0
21313725525,0
21313725539,0
21313725547,0
21335177771,0
21335177787,0
21335177800,0
21526243606,0
21526243607,0
21526243608,0
21517098645,0
21517098661,0
21517098680,0
21526243619,0
21526243623,0
21526243632,0
21632060585,0
21632060586,0
21632060589,0
21632060593,0
21566633717,0
21632060598,0
21632060604,0
21697560531,0
21697560535,0
21632060630,0
21697560546,0
21697560557,0
21697560574,0
21787139391,0
21787139411,0
21787139430,0
21787139436,0
21909230181,0
21909230189,0
22608077364,0
22608077365,0
22608077366,0
22608077367,0
22608077368,0
22608077369,0
22608077370,0
22608077371,0
22608077372,0
23503662694,0
23503662699,0
23503662734,0
24793389818,0
24793389826,0
24793389836,0
24793389847,0
24793389858,0
24793389872,0
21335177734,0
21335177760,0
21335177778,0
21357856360,0
21357856368,0
21357856376,0
21517098616,0
21517098622,0
21517098634,0
21517098650,0
21517098666,0
21517098684,0
21551806739,0
21551806760,0
21551806775,0
21566633706,0
21566633709,0
21566633714,0
21632060595,0
21632060599,0
21632060607,0
21632060615,0
21632060623,0
21632060633,0
21697560551,0
21697560562,0
21697560581,0
21890900371,0
21890900385,0
21890900397,0
22018446642,0
22018446651,0
22018446657,0
23213804112,0
23213804113,0
23213804114,0
23213804115,0
23213804116,0
23213804117,0
24793389814,0
24793389815,0
24793389816,0
24793389827,0
24793389839,0
24793389850,0
24793389861,0
24793389875,0
24793389881,0
24885888705,0
24885888708,0
24885888711,0
25434268866,0
25434268869,0
25434268879,0
25649052117,0
25649052123,0
25649052138,0
21335177726,0
21313725529,0
21357856343,0
21357856349,0
21335177774,0
21335177790,0
21357856366,0
21357856374,0
21517098615,0
21517098621,0
21439409197,0
21439409208,0
21517098664,0
21517098683,0
21526243624,0
21577620848,0
21551806795,0
21551806822,0
21577620853,0
21577620862,0
21664120440,0
21664120445,0
21697560532,0
21697560536,0
21664120457,0
21664120466,0
21697560560,0
21697560578,0
21787139392,0
21787139414,0
21859718337,0
21859718347,0
21859718363,0
21859718379,0
21909230174,0
21909230178,0
21909230183,0
21909230191,0
22034920042,0
22034920053,0
22034920068,0
22034920087,0
22574770759,0
22574770762,0
22574770773,0
22574770818,0
23168807770,0
23168807771,0
23054196940,0
23054196984,0
23276541537,0
23276541542,0
23276541549,0
23276541577,0
23503662700,0
23503662735,0
24793389838,0
24793389849,0
24793389860,0
24793389874,0
25253921238,0
25253921244,0
25253921247,0
25253921251,0
25253921257,0
25253921261,0
25253921265,0
25253921269,0
25253921272,0
25358411545,0
25358411548,0
25358411552,0
25358411555,0
25358411558,0
25358411563,0
25358411565,0
25358411569,0
25386445305,0
25386445308,0
25386445312,0
25386445316,0
25386445320,0
25386445322,0
25434268887,0
25434268894,0
25434268899,0
25434268900,0
25434268903,0
25434268906,0
25434268908,0
25434268913,0
25434268918,0
25434268923,0
25434268928,0
25434268933,0
25434268937,0
25434268941,0
25434268945,0
25434268948,0
25501552310,0
25501552313,0
25501552315,0
25501552316,0
25989686383,0
25989686385,0
25882162700,0
25882162718,0
26533471749,0
26533471752,0
26533471758,0
26533471765,0
26662217265,0
26662217277,0
26725039672,0
26725039686,0
27166273099,0
27166273123,0
25253921239,0
25253921245,0
25253921248,0
25253921252,0
25253921258,0
25253921262,0
25253921266,0
25253921270,0
25253921273,0
25253921275,0
25253921278,0
25358411546,0
25358411549,0
25358411553,0
25358411556,0
25358411559,0
25358411562,0
25358411564,0
25358411566,0
25386445315,0
25386445317,1
25434268895,1
25434268897,1
25434268909,1
25434268914,1
25434268919,1
25434268924,1
25434268929,1
25434268938,1
25434268942,1
25434268946,1
26384270460,1
26384270461,1
26384270462,1
26384270463,1
26463814771,1
26463814780,1
25253921240,0
25253921246,0
25253921249,0
25253921253,0
25253921259,0
25253921263,0
25253921267,0
25253921271,0
25253921274,0
25253921276,0
25253921279,0
25253921280,0
25358411550,0
25358411554,0
25358411557,0
25358411560,0
25386445304,0
25386445309,0
25434268910,0
25434268915,0
25434268921,0
25434268925,0
25434268930,0
25434268934,0
25882162670,0
25882162671,0
25882162673,0
25882162676,0
26662217257,0
26662217259,0
27166273055,0
27166273056,0
27166273124,0
25253921250,1
25253921260,1
25358411541,1
25358411542,1
25358411543,1
25358411544,1
25358411547,1
25358411551,1
25386445306,1
25386445311,1
25386445314,1
25386445319,1
25434268888,1
25434268896,1
25434268898,1
25434268902,1
25434268905,1
25434268912,1
25434268917,1
25434268922,1
25434268927,1
25434268932,1
25434268936,1
25434268940,1
25434268944,1
25501552307,1
25501552308,1
25501552309,1
25501552312,1
25882162674,1
25882162677,1
26463814772,1
26463814775,1
26662217266,1
26662217278,1
27166273072,1
27166273085,1
25253921237,0
25434268873,0
25253921254,0
25253921264,1
25434268889,1
25434268950,1
25700295754,1
25649052132,1
25700295761,1
25700295769,1
25700295780,1
25700295788,1
25882162692,1
25882162702,1
25989686389,1
25989686392,1
25989686397,1
25989686402,1
25989686405,1
25989686412,1
26352675848,1
26352675849,1
26602609918,1
26602609919,1
26602609920,1
26602609921,1
26662217261,1
26662217262,1
25253921236,0
25434268874,0
25253921277,0
25434268890,1
25434268951,1
25649052125,1
25700295756,1
25700295762,1
25700295770,1
25700295781,1
25882162685,1
25882162693,1
25882162703,1
25882162710,1
25989686390,1
25989686393,1
25989686398,1
25989686403,1
25989686406,1
25989686413,1
25989686423,1
25989686429,1
26167829740,1
26167829743,1
26463814776,1
26463814778,1
26384270469,1
26384270472,1
26489408411,1
26489408412,1
26489408416,1
26489408418,1
26602609922,1
26602609923,1
26601063474,1
26601063476,1
26662217263,1
26662217268,1
26662217272,1
26662217279,1
26972452408,1
26972452409,1
26972452410,1
26972452412,1
26972452413,1
26972452417,1
27188748905,1
27188748906,1
27188748910,1
27188748912,1
27188748913,1
27188748916,1
27219985216,1
27219985219,1
25649052114,0
25358411561,0
25649052120,0
25649052122,0
25434268960,0
25649052129,0
25649052136,0
25649052141,0
25700295775,0
25882162679,0
25882162689,0
25882162697,0
25882162706,0
25930755454,0
25930755459,0
25930755463,0
25930755469,0
25942650612,0
25942650615,0
26089801680,0
26089801682,0
26089801685,0
26089801689,0
26167829744,0
26167829745,0
26352675857,0
26352675862,0
26384270470,0
26384270474,0
26384270476,0
26489408413,0
26489408419,0
26533471762,0
26533471766,0
26662217270,0
26662217274,0
26601063493,0
25253921235,0
25253921242,0
25358411540,0
25253921268,0
25386445325,0
25434268952,0
25649052126,0
25649052133,0
25700295763,0
25700295771,0
25700295779,0
25700295782,0
25253921256,0
25386445303,0
25386445326,0
25434268953,0
25649052134,0
25649052140,0
25700295772,0
25700295783,0
25882162687,0
25700295791,0
25882162695,0
25882162701,0
25930755458,0
25930755462,0
25930755467,0
25930755474,0
25989686408,0
25989686415,0
26089801681,0
25989686428,0
26089801683,0
26089801687,0
26352675851,0
26352675855,0
26352675860,0
26352675863,0
26384270473,0
26384270475,0
26463814783,0
26463814785,0
26725039668,0
26696776118,0
26725039670,0
26696776149,0
26725039680,0
26725039687,0
26782877218,0
26972452418,0
26972452422,0
27166273100,0
27166273104,0
27166273110,0
27166273113,0
27188748917,0
27188748926,0
27219985220,0
27219985226,0
27219985233,0
27219985237,0
27318526855,0
27507217591,0
27507217600,0
27507217603,0
27507217611,0
28738981606,0
25386445301,0
25253921255,0
25434268881,0
25434268891,0
25434268954,0
25649052127,0
25649052135,0
25700295764,0
25700295773,0
25882162678,0
25882162688,0
25882162696,0
25882162705,0
25882162709,0
25882162712,0
25942650602,0
25942650606,0
25930755465,0
25930755468,0
25942650611,0
25942650614,0
25989686416,0
25989686425,0
26089801684,0
26089801688,0
26352675852,0
26352675856,0
26352675859,0
26352675861,0
26417071487,0
26533471750,0
26463814784,0
26463814786,0
26533471756,0
26533471759,0
26602609924,0
26602609927,0
26662217269,0
26662217273,0
26662217280,0
26662217284,0
26725039671,0
26725039673,0
26782877212,0
26782877214,0
27166273096,0
27166273101,0
25253921241,1
25649052113,1
25649052119,1
25649052128,1
25989686381,1
25434268880,0
25434268892,0
25434268955,0
25649052130,0
25700295765,0
25700295776,0
25882162680,0
25882162690,0
25700295789,0
25882162698,0
25882162707,0
25882162713,0
25942650603,0
25942650607,0
25942650609,0
25942650613,0
25989686409,0
25989686417,0
25989686426,0
25989686427,0
26089801686,0
25434268882,0
25434268893,0
25434268956,0
25434268963,0
25649052131,0
25649052137,0
25700295766,0
25700295777,0
25989686387,0
25989686391,0
25989686394,0
25989686399,0
25989686404,0
25989686410,0
25989686418,0
26463814770,0
25989686431,0
26463814773,0
26463814774,0
26489408408,0
26489408414,0
25649052116,0
25649052121,0
25700295753,0
25700295755,0
25700295758,0
25700295768,0
25882162675,0
25882162681,0
25882162691,0
25700295790,0
25942650600,0
25942650601,0
25942650604,0
25942650605,0
25942650608,0
25942650610,0
26089801678,0
26089801679,0
26352675850,0
26352675854,0
26463814777,0
26463814779,0
26489408409,0
26489408410,0
26463814787,0
26463814788,0
26533471761,0
26489408421,0
26602609925,0
26489408423,0
26533471767,0
26601063486,0
25358411567,0
25358411568,0
25358411570,0
25358411571,0
25358411572,1
25386445310,1
25386445313,1
25386445318,1
25386445321,1
25386445323,1
25386445324,1
25386445327,1
25386445328,1
25434268901,1
25434268904,1
25434268907,1
25434268911,1
25434268916,1
25434268920,1
25434268926,1
25434268931,1
25434268935,1
25434268939,1
25434268943,1
25434268947,1
25434268949,1
25434268961,1
25501552311,1
25501552314,1
25700295757,0
25700295767,0
25649052142,0
25700295778,0
25700295784,0
25882162699,0
25882162708,0
25882162714,0
25930755460,0
25930755464,0
25930755470,0
25930755475,0
25989686411,0
25989686419,0
26167829738,0
26167829741,0
26352675853,0
26352675858,0
26533471751,0
26533471753,0
26533471755,0
26533471757,0
26533471760,0
26533471763,0
26602609928,0
26602609930,0
26601063478,0
26601063480,0
26696776110,0
26696776111,0
26696776125,0
26696776131,0
26725039674,0
26725039675,0
26782877213,0
26782877215,0
26782877216,0
26782877219,0
26972452414,0
26972452419,0
27219985206,0
27219985207,0
27219985208,0
27219985211,0
27219985213,0
27219985217,0
27219985221,0
27219985227,0
27507217590,0
27507217592,0
28105034863,0
28105034864,0
28105034866,0
28105034868,0
29275834781,0
29275834782,0
29465046199,0
29275834783,0
29465046200,0
29275834784,0
29275834785,0
29275834787,0
21313725510,0
21313725527,0
21335177741,0
21335177754,0
21335177773,0
21335177789,0
21439409153,0
21439409160,0
21439409168,0
21439409184,0
21517098631,0
21517098646,0
21517098662,0
21517098681,0
21551806737,0
21551806757,0
21566633701,0
21566633704,0
21566633708,0
21566633713,0
21632060605,0
21632060613,0
21632060620,0
21632060631,0
21681782401,0
21681782407,0
21697560576,0
21697560592,0
21787139412,0
21787139431,0
21890900369,0
21890900383,0
21954780648,0
21954780651,0
21954780656,0
21954780667,0
22034920066,0
22034920085,0
22542227897,0
22542227899,0
22542227901,0
22542227905,0
22574770772,0
22574770780,0
22574770792,0
22574770811,0
22574770830,0
22574770840,0
22688507736,0
22688507749,0
22703012961,0
22703012962,0
22703012963,0
22703012971,0
23213804118,0
23213804119,0
23213804122,0
23213804137,0
23336425565,0
23336425578,0
23570158524,0
23570158539,0
24793389837,0
24793389848,0
24793389859,0
24793389873,0
21313725514,0
21313725532,0
21335177744,0
21335177757,0
21335177775,0
21335177792,0
21429635540,0
21429635542,0
21429635543,0
21429635545,0
21517098648,0
21517098665,0
21526243616,0
21526243620,0
21526243626,0
21526243634,0
21551806797,0
21551806824,0
21577620854,0
21577620863,0
21599539589,0
21599539595,0
21621931893,0
21621931895,0
21697560543,0
21697560550,0
21697560561,0
21697560580,0
21859718331,0
21859718333,0
21859718338,0
21859718348,0
21859718364,0
21859718380,0
21909230175,0
21909230179,0
21909230184,0
21909230192,0
21954780657,0
21954780668,0
22034920069,0
22367978828,0
22367978840,0
22503128721,0
22503128725,0
22688507718,0
22688507720,0
22688507728,0
22688507768,0
23054196941,0
23054196985,0
23168807782,0
23168807808,0
23276541550,0
23276541578,0
23383318046,0
23383318062,0
21313725515,0
21313725533,0
21335177745,0
21335177758,0
21335177776,0
21335177793,0
21439409170,0
21439409186,0
21517098633,0
21517098649,0
21551806729,0
21551806759,0
21599539570,0
21599539571,0
21599539574,0
21599539580,0
21608137588,0
21608137598,0
21608137607,0
21608137616,0
21681782395,0
21681782402,0
22034920030,0
22034920043,0
22034920054,0
22034920070,0
22034920088,0
22034920105,0
22341910581,0
22341910593,0
22542227906,0
22542227919,0
22542228811,0
22542228814,0
22574770812,0
22574770831,0
22623902533,0
22623902534,0
22623902538,0
22623902542,0
22688507750,0
22688507761,0
23276541534,0
23276541541,0
23276541547,0
23276541569,0
23570158505,0
23570158510,0
23570158513,0
23570158525,0
21335177727,0
21335177736,0
21335177748,0
21335177761,0
21357856352,0
21357856361,0
21517098652,0
21517098667,0
21517098686,0
21517098701,0
21551806761,0
21551806776,0
21599539572,0
21599539575,0
21577620855,0
21577620864,0
21599539591,0
21599539596,0
21621931894,0
21621931896,0
21664120459,0
21664120468,0
21697560563,0
21787139382,0
21890900351,0
21890900353,0
21890900358,0
21890900363,0
21890900372,0
21890900386,0
21909230185,0
21909230193,0
22034920044,0
22034920057,0
22367978825,0
22367978829,0
22367978835,0
22367978842,0
22367978850,0
22367978864,0
22503128731,0
22503128740,0
22542228809,0
22542228812,0
22574770793,0
22574770813,0
22597278313,0
22597278319,0
22608077380,0
22608077389,0
22688507737,0
22688507751,0
22688507762,0
22688507771,0
23570158503,0
23570158506,0
23570158511,0
23570158514,0
23570158526,0
23570158540,0
21335177728,0
21335177737,0
21335177749,0
21335177762,0
21357856353,0
21357856362,0
21357856369,0
21357856377,0
21517098624,0
21517098635,0
21517098687,0
21517098702,0
21526243627,0
21526243635,0
21551806799,0
21551806826,0
21577620856,0
21577620865,0
21599539592,0
21599539597,0
21697560533,0
21697560537,0
21697560544,0
21697560552,0
21787139373,0
21787139383,0
21787139395,0
21787139417,0
21859718341,0
21859718367,0
21890900387,0
21890900398,0
22034920032,0
22034920045,0
22034920073,0
22034920091,0
22367978836,0
22367978843,0
22367978851,0
22367978865,0
22688507722,0
22688507723,0
22688507729,0
22688507769,0
23054196943,0
23054196986,0
23168807783,0
23168807809,0
23276541551,0
23276541579,0
23383318047,0
23383318063,0
21373097542,0
21373097550,0
21517098617,0
21517098625,0
21439409199,0
21439409210,0
21517098668,0
21517098688,0
21551806740,0
21551806762,0
21551806777,0
21551806800,0
21608137581,0
21608137584,0
21608137589,0
21608137599,0
21608137608,0
21608137617,0
21681782391,0
21681782397,0
21697560553,0
21697560564,0
21787139384,0
21787139396,0
21787139418,0
21787139433,0
21859718351,0
21859718368,0
21859718381,0
21859718388,0
22034920058,0
22034920074,0
22034920092,0
22034920106,0
22341910582,0
22341910594,0
22542227909,0
22542227922,0
22574770781,0
22574770794,0
22574770814,0
22574770832,0
22688507724,0
22688507726,0
22688507738,0
22688507752,0
22688507763,0
22688507772,0
22703012964,0
22703012972,0
23119367590,0
23119367603,0
23336425566,0
23336425579,0
23570158512,0
23570158515,0
23570158527,0
23570158541,0
24779691305,0
24779691314,0
24779691320,0
24779691327,0
24793389862,0
24793389876,0
21373097543,0
21373097551,0
21439409171,0
21439409187,0
21517098636,0
21517098653,0
21517098689,0
21517098703,0
21526243628,0
21526243636,0
21664120441,0
21664120446,0
21664120449,0
21664120453,0
21664120460,0
21664120469,0
21697560565,0
21697560595,0
21799719743,0
21799719749,0
21859718369,0
21859718382,0
21890900373,0
21890900388,0
22034920026,0
22034920033,0
21954780660,0
21954780669,0
22034920075,0
22034920093,0
22367978852,0
22367978866,0
22542227923,0
22542227932,0
22574770795,0
22574770815,0
22574770833,0
22574770841,0
22608077381,0
22608077390,0
22688507739,0
22688507753,0
22688507764,0
22688507773,0
22703012965,0
22703012973,0
23119367591,0
23119367604,0
23570158499,0
23570158501,0
23570158507,0
23570158516,0
21439409155,0
21439409162,0
21439409173,0
21439409189,0
21517098637,0
21517098654,0
21551806726,0
21551806730,0
21551806742,0
21551806779,0
21551806802,0
21664120439,0
21664120442,0
21664120450,0
21664120454,0
21664120461,0
21664120470,0
21697560567,0
21697560583,0
21787139397,0
21787139420,0
23054196908,0
23054196909,0
21859718371,0
21859718384,0
23054196910,0
23054196974,0
23276541536,0
23276541540,0
23276541548,0
23276541568,0
23570158508,0
23570158517,0
23570158523,0
23570158542,0
24793389819,0
24793389828,0
24779691321,0
24779691328,0
24793389863,0
24793389877,0
24848598838,0
24848598844,0
24885888709,0
24885888712,0
25649052111,0
25649052112,0
25649052115,0
25649052118,0
25649052124,0
25649052139,0
25882162684,0
25882162717,0
21439409156,0
21439409163,0
21439409174,0
21439409190,0
21517098670,0
21517098691,0
21566633697,0
21566633700,0
21551806780,0
21551806803,0
21599539576,0
21599539582,0
21608137591,0
21608137601,0
21608137610,0
21608137619,0
21632060626,0
21632060635,0
21681782404,0
21681782408,0
21787139385,0
21787139398,0
21859718353,0
21859718372,0
21890900374,0
21890900390,0
21909230186,0
21909230194,0
21954780661,0
21954780670,0
22542227894,0
22542227895,0
22688507717,0
22688507719,0
22542227911,0
22542227924,0
23276541538,0
23276541543,0
23336425562,0
23336425569,0
23503663029,0
23503663031,0
23503663036,0
23503663049,0
21439409157,0
21439409164,0
21439409175,0
21439409191,0
21439409201,0
21439409212,0
21517098671,0
21517098692,0
21551806781,0
21551806804,0
21599539577,0
21599539583,0
21621931889,0
21621931891,0
21681782386,0
21681782392,0
21681782398,0
21681782405,0
21859718324,0
21859718327,0
21787139399,0
21787139421,0
21859718354,0
21859718373,0
21909230172,0
21909230195,0
22034920047,0
22034920076,0
22034920095,0
22034920108,0
22574770757,0
22574770760,0
22574770763,0
22574770765,0
22574770768,0
22574770819,0
22688507730,0
22688507770,0
23383318037,0
23383318039,0
23383318041,0
23383318043,0
23503663030,0
23503663032,0
23503663037,0
23503663050,0
21517098611,0
21517098613,0
21517098618,0
21517098627,0
21517098640,0
21517098656,0
21551806731,0
21551806743,0
21551806764,0
21551806783,0
21551806806,0
21551806828,0
21621931890,0
21621931892,0
21697560529,0
21697560538,0
21697560545,0
21697560555,0
21697560568,0
21697560584,0
21787139400,0
21787139423,0
21859718342,0
21859718355,0
21859718374,0
21859718385,0
21890900375,0
21890900391,0
21909230187,0
21909230196,0
21954780662,0
21954780671,0
22034920077,0
22034920096,0
22367978837,0
22367978844,0
22367978853,0
22367978868,0
22542227904,0
22542227912,0
22542227925,0
22542227934,0
22574770817,0
22574770842,0
22608077383,0
22608077392,0
22688507741,0
22688507755,0
22688507766,0
22688507775,0
22703012967,0
22703012975,0
23119367592,0
23119367605,0
23570158500,0
23570158502,0
23570158504,0
23570158509,0
23582561415,0
23582561426,0
24779691315,0
24779691322,0
24848598830,0
24848598831,0
24848598839,0
24848598845,0
24143139933,0
24143139944,0
24143139954,0
24143139959,0
24143139972,0
24143139983,0
24153664035,0
24153664048,0
24164982462,0
24164982467,0
24164982475,0
24164982482,0
24179012073,0
24179012084,0
24184523487,0
24184523492,0
24184523506,0
24184523517,0
24204680072,0
24204680078,0
24204680085,0
24204680089,0
24223102858,0
24223102868,0
24237726146,0
24237726155,0
24252430370,0
24237726171,0
24252430379,0
24252430390,0
24254461747,0
24254461750,0
24292361844,0
24292361845,0
24283328540,0
24283328551,0
24292361851,0
24292361861,0
24292361872,0
24292361875,0
24297393595,0
24297393607,0
24300154536,0
24300154542,0
24305513751,0
24305513754,0
24317200441,0
24317200447,0
24317200449,0
24317200461,0
24363375453,0
24363375457,0
24363375467,0
24363375476,0
24376899888,0
24376899895,0
24376899905,0
24376899907,0
24556316771,0
24556316776,0
24556316779,0
24556316787,0
24556316798,0
24556316802,0
24556316812,0
24556316820,0
24699947519,0
24699947521,0
24699947528,0
24699947531,0
24699947541,0
24699947545,0
24726282603,0
24726282610,0
24848598826,0
24848598828,0
24848598833,0
24848598853,0
25191243333,0
25191243335,0
25191243336,0
25191243338,0
25989686376,0
25989686379,0
25930755452,0
25930755453,0
25989686395,0
25989686420,0
26662217255,0
26662217256,0
26533471754,0
26533471764,0
26662217267,0
26662217285,0
24143139932,0
24143139943,0
24143139953,0
24143139958,0
24143139971,0
24143139982,0
24153664034,0
24153664047,0
24164982461,0
24164982466,0
24164982474,0
24164982481,0
24179012072,0
24179012083,0
24184523486,0
24184523491,0
24184523505,0
24184523516,0
24204680071,0
24204680077,0
24204680084,0
24204680088,0
24223102857,0
24223102867,0
24237726145,0
24237726154,0
24237726165,0
24237726170,0
24252430378,0
24252430389,0
24254461746,0
24254461749,0
24254461753,0
24254461756,0
24283328539,0
24283328550,0
24292361850,0
24292361860,0
24292361871,0
24292361874,0
24297393594,0
24297393606,0
24300154535,0
24300154541,0
24305513750,0
24305513753,0
24305513762,0
24305513767,0
24317200448,0
24317200460,0
24363375452,0
24363375456,0
24363375466,0
24363375475,0
24376899887,0
24376899894,0
24556316770,0
24556316775,0
24556316778,0
24556316786,0
24556316797,0
24556316801,0
24556316811,0
24556316819,0
24699947518,0
24699947520,0
24699947527,0
24699947530,0
24726282596,0
24726282601,0
24143139934,0
24143139945,0
24143139955,0
24143139960,0
24143139973,0
24143139984,0
24153664036,0
24153664049,0
24164982463,0
24164982468,0
24164982476,0
24164982483,0
24179012074,0
24179012085,0
24184523488,0
24184523493,0
24184523507,0
24184523518,0
24204680073,0
24204680079,0
24204680086,0
24204680090,0
24237726141,0
24237726144,0
24237726147,0
24237726156,0
24237726166,0
24237726172,0
24252430380,0
24252430391,0
24254461748,0
24254461751,0
24254461754,0
24254461757,0
24283328541,0
24283328552,0
24292361852,0
24292361862,0
24297393586,0
24297393587,0
24297393596,0
24297393608,0
24300154537,0
24300154543,0
24363375444,0
24363375445,0
24363375446,0
24363375447,0
24363375454,0
24363375458,0
24363375468,0
24363375477,0
24376899889,0
24376899896,0
24376899906,0
24376899908,0
24556316772,0
24556316777,0
24556316780,0
24556316788,0
24556316799,0
24556316803,0
24556316813,0
24556316821,0
24637177512,0
24637177518,0
24699947529,0
24699947532,0
24764786933,0
24764786941,0
25191243330,0
25191243331,0
25191243337,0
25191243339,0
24143139935,0
24143139946,0
24143139956,0
24143139961,0
24143139974,0
24143139985,0
24153664037,0
24153664050,0
24164982464,0
24164982469,0
24179012066,0
24179012071,0
24179012075,0
24179012086,0
24184523489,0
24184523494,0
24184523508,0
24184523519,0
24204680074,0
24204680080,0
24223102849,0
24223102850,0
24223102859,0
24223102869,0
24237726157,0
24237726167,0
24252430371,0
24252430381,0
24252430392,0
24252430393,0
24254461755,0
24254461758,0
24283328542,0
24283328553,0
24292361853,0
24292361863,0
24292361873,0
24292361876,0
24297393597,0
24297393609,0
24305513743,0
24305513746,0
24305513752,0
24305513755,0
24305513763,0
24305513768,0
24317200450,0
24317200462,0
24363375455,0
24363375459,0
24363375469,0
24363375478,0
24438688137,0
24438688140,0
24438688141,0
24438688142,0
24438688152,0
24438688153,0
24556316789,0
24556316800,0
24556316804,0
24556316814,0
24637177511,0
24637177513,0
24637177519,0
24637177521,0
24699947533,0
24699947542,0
24726282602,0
24848598827,0
24848598829,0
24848598834,0
24848598854,0
25191243332,0
25191243334,0
25989686377,0
25989686380,0
25989686384,0
25989686386,0
25989686396,0
25989686421,0
26384270465,0
26384270471,0
24143139936,0
24143139947,0
24143139957,0
24143139962,0
24143139975,0
24143139986,0
24164982456,0
24164982458,0
24164982465,0
24164982470,0
24164982477,0
24164982484,0
24179012076,0
24179012087,0
24184523490,0
24184523495,0
24184523509,0
24184523520,0
24204680075,0
24204680081,0
24204680087,0
24204680091,0
24223102860,0
24223102870,0
22018446644,0
22018446649,0
22018446655,0
22018446661,0
22341910575,0
22341910584,0
22367978855,0
22367978869,0
22503128733,0
22542227914,0
22574770775,0
22574770785,0
22574770802,0
22574770835,0
22623902536,0
22623902540,0
22688507743,0
22688507757,0
22688507777,0
22688507781,0
23054196933,0
23054196956,0
23054196966,0
23054196990,0
23168807776,0
23168807779,0
23168807786,0
23168807792,0
23168807801,0
23168807812,0
23213804129,0
23213804141,0
23276541555,0
23276541571,0
23503662696,0
23503662697,0
23383318057,0
23383318067,0
23503662723,0
23503662730,0
23570158521,0
23570158530,0
23582561416,0
23582561419,0
23582561422,0
23582561424,0
23657433893,0
23657433896,0
23744541456,0
23744541461,0
23744541492,0
23744541552,0
23844826409,0
23844826410,0
23992268484,0
23992268488,0
24072657994,0
24072657996,0
24072658000,0
24072658004,0
24105166297,0
24105166299,0
24105166307,0
24105166313,0
24128612790,0
24128612808,0
22018446654,0
22018446660,0
22367978832,0
22367978845,0
22503128722,0
22503128726,0
22503128732,0
22503128741,0
22574770774,0
22574770801,0
22597278312,0
22597278316,0
22608077376,0
22608077384,0
22688507731,0
22688507776,0
22703012968,0
22703012976,0
23054196955,0
23054196965,0
23054196976,0
23054196989,0
23119367598,0
23119367606,0
23168807785,0
23168807791,0
23168807800,0
23168807811,0
23213804128,0
23213804134,0
23213804140,0
23213804146,0
23276541561,0
23276541580,0
23336425573,0
23336425580,0
23503662702,0
23503662704,0
23503662709,0
23503662715,0
23503662722,0
23503662729,0
23600764019,0
23600764022,0
23600764025,0
23600764033,0
23821681812,0
23844826402,0
23844826404,0
23844826406,0
23844826407,0
23844826408,0
23844826414,0
24002583565,0
24002583568,0
24048776214,0
24048776219,0
24072657999,0
24072658003,0
24088471187,0
24088471190,0
24105166306,0
24105166312,0
24128612789,0
24128612807,0
24153664029,0
24153664053,0
22018446659,0
22335556338,0
22335556344,0
22367978854,0
22367978877,0
22542227913,0
22542227935,0
22574770800,0
22574770834,0
22623902535,0
22623902539,0
22688507742,0
22688507756,0
23054196924,0
23054196926,0
23054196932,0
23054196944,0
23054196954,0
23054196964,0
23054196975,0
23054196988,0
23168807775,0
23168807778,0
23168807784,0
23168807790,0
23168807799,0
23168807810,0
23213804127,0
23213804133,0
23213804139,0
23213804145,0
23336425563,0
23336425567,0
23336425570,0
23336425572,0
23383318048,0
23383318052,0
23503662708,0
23503662714,0
23503662721,0
23503662728,0
23503663039,0
23503663043,0
23503663046,0
23503663051,0
23570158535,0
23570158543,0
23570158546,0
23570158549,0
23600764029,0
23600764032,0
23657433892,0
23657433895,0
23744541449,0
23744541452,0
23744541455,0
23744541460,0
23744541491,0
23744541551,0
23992268476,0
23992268478,0
23992268483,0
23992268487,0
24048776222,0
24048776225,0
24088471186,0
24088471189,0
24105166305,0
24105166311,0
24128612788,0
24128612806,0
24153664028,0
24153664052,0
22034920060,0
22034920079,0
22034920100,0
22341910585,0
22341910596,0
22503128727,0
22503128734,0
22542227915,0
22542227926,0
22574770786,0
22574770820,0
22608077374,0
22608077385,0
22703012959,0
22703012960,0
22703012969,0
22703012977,0
23054196945,0
23054196957,0
23054196967,0
23054196977,0
23119367597,0
23119367607,0
23168807787,0
23168807802,0
23276541544,0
23276541552,0
23276541556,0
23276541562,0
23336425568,0
23336425571,0
23503662701,0
23503662705,0
23503662710,0
23503662716,0
23503662724,0
23503662731,0
23503663040,0
23503663044,0
23503663047,0
23503663052,0
23570158536,0
23570158544,0
23570158547,0
23570158550,0
23600764034,0
23600764040,0
23744541447,0
23744541450,0
23744541453,0
23744541457,0
23744541462,0
23744541553,0
23821681820,0
23821681825,0
23844826411,0
23844826415,0
24048776210,0
24048776212,0
24048776215,0
24048776223,0
24072658001,0
24072658005,0
24088471188,0
24088471191,0
24105166308,0
24105166314,0
24128612791,0
24128612809,0
24153664030,0
24153664054,0
24297393582,0
24297393610,0
22034920080,0
22034920101,0
22341910586,0
22341910597,0
22367978870,0
22367978878,0
22542227916,0
22542227927,0
22574770782,0
22574770803,0
22574770821,0
22574770836,0
22608077377,0
22608077386,0
22688507732,0
22688507744,0
22688507758,0
22688507778,0
23054196927,0
23054196934,0
23054196968,0
23054196978,0
23119367594,0
23119367599,0
23119367608,0
23119367612,0
23168807793,0
23168807803,0
23168807813,0
23168807816,0
23276541545,0
23276541553,0
23276541557,0
23276541563,0
23276541572,0
23276541581,0
23336425574,0
23336425581,0
23383318049,0
23383318053,0
23383318058,0
23383318064,0
23503663034,0
23503663041,0
23582561417,0
23582561420,0
23600764026,0
23600764030,0
23600764036,0
23600764041,0
22034920038,0
22034920050,0
22034920062,0
22034920103,0
22367978846,0
22367978856,0
22367978872,0
22367978880,0
22574770769,0
22542227929,0
22574770784,0
22574770805,0
22574770823,0
22574770838,0
22688507734,0
22688507746,0
22703012970,0
22703012978,0
23054196947,0
23054196959,0
23054196970,0
23054196980,0
23168807780,0
23168807795,0
23213804123,0
23213804125,0
23213804131,0
23213804136,0
23213804142,0
23213804147,0
23276541565,0
23276541574,0
23503662698,0
23503662703,0
23503662706,0
23503662712,0
23503662718,0
23503662726,0
23503663035,0
23503663042,0
23503663045,0
23503663048,0
23570158532,0
23570158537,0
23600764020,0
23600764023,0
23582561423,0
23582561425,0
23600764037,0
23600764043,0
23844826403,0
23844826405,0
23821681822,0
23821681826,0
23844826412,0
23844826416,0
24002583566,0
24002583569,0
24048776216,0
24048776220,0
24105166296,0
24105166301,0
24105166310,0
24105166316,0
24237726129,0
24237726130,0
24237726131,0
24237726132,0
24237726134,0
24237726169,0
22335556335,0
22335556336,0
22335556339,0
22335556345,0
22503128723,0
22503128728,0
22503128735,0
22503128742,0
22574770776,0
22574770787,0
22574770806,0
22574770824,0
22597278317,0
22597278321,0
22623902537,0
22623902541,0
22688507747,0
22688507759,0
22688507779,0
22688507782,0
23054196936,0
23054196948,0
23054196960,0
23054196971,0
23054196981,0
23054196987,0
23168807777,0
23168807781,0
23168807789,0
23168807805,0
23213804126,0
23213804143,0
23276541559,0
23276541566,0
23276541575,0
23276541583,0
23383318044,0
23383318045,0
23383318050,0
23383318055,0
23383318060,0
23383318065,0
23503662719,0
23503662727,0
23582561418,0
23582561421,0
23600764027,0
23600764031,0
23600764038,0
23600764044,0
23821681816,0
23821681818,0
23992268475,0
23992268477,0
23992268480,0
23992268482,0
23992268486,0
23992268490,0
24048776213,0
24048776217,0
24048776224,0
24048776226,0
24116435450,0
24116435451,0
24116435452,0
24116435453,0
24143139929,0
24143139930,0
24143139942,0
24143139970,0
24164982459,0
24164982480,0
22034920081,0
22034920102,0
22341910587,0
22341910598,0
22367978871,0
22367978879,0
22542227917,0
22542227928,0
22574770783,0
22574770804,0
22574770822,0
22574770837,0
22608077378,0
22608077387,0
22688507733,0
22688507745,0
23054196928,0
23054196935,0
23054196946,0
23054196958,0
23054196969,0
23054196979,0
23119367600,0
23119367609,0
23168807788,0
23168807794,0
23168807804,0
23168807814,0
23213804130,0
23213804135,0
23276541558,0
23276541564,0
23276541573,0
23276541582,0
23336425575,0
23336425582,0
23383318054,0
23383318059,0
23503662711,0
23503662717,0
23503662725,0
23503662732,0
23570158519,0
23570158528,0
23570158531,0
23570158545,0
23570158548,0
23570158551,0
23600764035,0
23600764042,0
23821681811,0
23821681813,0
23821681815,0
23821681817,0
23821681819,0
23821681821,0
23992268479,0
23992268481,0
23992268485,0
23992268489,0
24072657995,0
24072657997,0
24072657998,0
24072658006,0
24105166298,0
24105166300,0
24105166309,0
24105166315,0
24128612792,0
24128612810,0
24153664031,0
24153664055,0
24237726133,0
24237726168,0
22367978857,0
22367978873,0
22503128736,0
22503128743,0
22574770788,0
22574770807,0
22574770825,0
22574770839,0
22608077379,0
22608077388,0
22688507760,0
22688507780,0
23054196929,0
23054196937,0
23054196949,0
23054196961,0
23054196972,0
23054196982,0
23119367595,0
23119367601,0
23119367610,0
23119367613,0
23168807796,0
23168807807,0
23168807815,0
23168807817,0
23276541546,0
23276541554,0
23276541560,0
23276541567,0
23276541576,0
23276541584,0
23336425576,0
23336425583,0
23383318051,0
23383318056,0
23383318061,0
23383318066,0
23503662720,0
23570158518,0
23570158520,0
23570158522,0
23570158529,0
23570158533,0
23570158538,0
23600764021,0
23600764024,0
23600764028,0
23600764039,0
23657433894,0
23657433897,0
23744541451,0
23744541454,0
23744541458,0
23744541463,0
23744541493,0
23744541554,0
23821681823,0
23821681827,0
23844826413,0
23844826417,0
24002583567,0
24002583570,0
24048776218,0
24048776221,0
24072658002,0
24072658007,0
24164982451,0
24164982452,0
24164982453,0
24164982454,0
26725039681,0
26725039688,0
26782877221,0
26782877222,0
26782877227,0
27219985209,0
27219985212,0
27219985214,0
27219985222,0
27219985228,0
27219985238,0
27318526856,0
27507217593,0
27507217613,0
27507217626,0
27507217640,0
28105034881,0
28105034894,0
28105034907,0
28105034917,0
28105034935,0
28105034950,0
28105034964,0
28105034982,0
28105035001,0
28105035012,0
28738981499,0
28738981508,0
28738981538,0
28738981554,0
28738981568,0
28738981577,0
28738981581,0
28738981596,0
28738981607,0
28738981622,0
28738981631,0
28738981643,0
28738981655,0
28738981660,0
26696776143,0
26696776146,0
27159712329,0
27159712330,0
27159712331,0
27159712332,0
27166810920,0
27166810921,0
27152054658,0
27152054659,0
27163306526,0
27163306527,0
27212764990,0
27170643561,0
27170643562,0
27212764991,0
27188144030,0
27188144031,0
27326545642,0
27638070596,0
27638070597,0
27332951905,0
27332951906,0
28072055583,0
28072055584,0
28072055585,0
28072055586,0
28072055587,0
28128767586,0
28128767587,0
28713532799,0
28713532800,0
28713532801,0
28713532802,0
28752102628,0
28752102629,0
28982818364,0
28982818365,0
28966903503,0
28966903504,0
29019092732,0
29019092733,0
28980110067,0
28980110068,0
27166273109,0
27188748915,0
27188748923,0
27188748930,0
27219985231,0
27219985242,0
27219985246,0
27219985248,0
27318526862,0
27318526869,0
27318526881,0
28105034867,0
28105034874,0
27507217639,0
27507217653,0
28105034911,0
28105034922,0
28105034955,0
28105034970,0
28105034986,0
28105034996,0
28105035005,0
28105035016,0
28738981500,0
28738981513,0
28738981528,0
28738981544,0
28738981559,0
28738981588,0
28738981601,0
28738981611,0
28738981626,0
28738981636,0
28738981648,0
28738981657,0
28738981663,0
28738981668,0
28967402151,0
28967402157,0
29275834816,0
29275834825,0
29275834835,0
29275834851,0
29275834859,0
29275834863,0
29275834869,0
29275834874,0
27188748919,0
27219985223,0
27219985229,0
27219985239,0
27219985245,0
27318526857,0
27318526865,0
27507217604,0
27507217614,0
27507217627,0
27507217641,0
28105034882,0
28105034896,0
28105034966,0
28105034987,0
28738981493,0
28738981501,0
28738981510,0
28738981523,0
28738981556,0
28738981583,0
28738981597,0
28738981609,0
28967402133,0
28967402135,0
28967402136,0
28967402139,0
28967402142,0
28967402145,0
28967402149,0
28967402152,0
28967402156,0
28967402161,0
29275834821,0
29275834830,0
29275834841,0
29275834847,0
29275834856,0
29275834861,0
29275834866,0
29275834872,0
27318526861,0
27318526868,0
27507217605,0
27507217616,0
28105034873,0
28105034884,0
28105034898,0
28105034910,0
28105034920,0
28105034939,0
28105034954,0
28105034985,0
28738981486,0
28738981488,0
28738981494,0
28738981527,0
28738981543,0
28738981558,0
28738981587,0
28738981600,0
28738981614,0
28738981635,0
29275834794,0
29275834795,0
29465046204,0
29275834798,0
29275834803,0
29275834807,0
29275834824,0
29275834843,0
29275834850,0
27318526858,0
27318526878,0
27318526885,0
28105034909,0
28105034918,0
28105034937,0
28105034952,0
28105034967,0
28105034984,0
28105035003,0
28105035014,0
28105035021,0
28105035026,0
28738981524,0
28738981540,0
28738981557,0
28738981570,0
28738981584,0
28738981598,0
28738981610,0
28738981624,0
28738981633,0
28738981645,0
28738981658,0
28738981662,0
28738981667,0
28738981669,0
29275834811,0
29275834814,0
29275834822,0
29275834834,0
29275834848,0
29275834857,0
29275834867,0
29275834873,0
27219985241,0
27318526860,0
27318526867,0
27318526880,0
27507217615,0
27507217628,0
27507217638,0
27507217646,0
28105034877,0
28105034885,0
28738981485,0
28738981489,0
28738981502,0
28738981514,0
28738981529,0
28738981562,0
29275834790,0
29465046201,0
29275834792,0
29465046205,0
29275834799,0
29465046206,0
29275834800,0
29275834804,0
29275834826,0
27507217645,0
28105034895,0
28105034908,0
28105034936,0
28105034951,0
28105034965,0
28105034983,0
28105034993,0
28105035002,0
28105035013,0
28105035020,0
28738981509,0
28738981522,0
28738981539,0
28738981555,0
28738981569,0
28738981582,0
28738981608,0
28738981623,0
28738981632,0
28738981644,0
28738981661,0
28738981666,0
29275834802,0
29275834820,0
29275834840,0
29275834846,0
29275834855,0
29275834864,0
29275834865,0
29275834871,0
28105034919,0
28105034938,0
28105034953,0
28105034969,0
28105034995,0
28105035004,0
28105035023,0
28738981512,0
28738981526,0
28738981542,0
28738981561,0
28738981572,0
28738981586,0
28738981599,0
28738981613,0
28738981625,0
28738981634,0
28738981647,0
28738981656,0
28967402143,0
28967402146,0
28967402150,0
28967402153,0
29275834812,0
29275834815,0
29275834823,0
29275834831,0
29275834842,0
29275834849,0
29275834858,0
29275834862,0
29275834868,0
29275834876,0
24088471180,0
24088471183,0
24105166293,0
24105166302,0
24116435454,0
24116435457,0
24128612781,0
24128612794,0
24143139938,0
24143139949,0
24143139963,0
24143139976,0
24153664039,0
24153664056,0
24179012063,0
24179012068,0
24179012077,0
24179012088,0
24184523496,0
24184523510,0
24223102851,0
24223102861,0
24237726148,0
24237726158,0
24252430372,0
24252430395,0
24252430402,0
24283328533,0
24292361848,0
24292361854,0
24292361864,0
24297393589,0
24297393599,0
24305513756,0
24305513764,0
24317200452,0
24317200463,0
24376899890,0
24376899898,0
24556316768,0
24556316773,0
24556316781,0
24556316791,0
24556316806,0
24556316815,0
24726282590,0
24726282592,0
24726282594,0
24726282597,0
24726282604,0
24726282611,0
24764786931,0
24764786932,0
24743997363,0
24743997367,0
24764786937,0
24764786942,0
24779691311,0
24779691317,0
24779691324,0
24779691330,0
24848598832,0
24848598835,0
24848598840,0
24848598850,0
24088471181,0
24088471184,0
24105166294,0
24105166303,0
24116435455,0
24116435458,0
24116435460,0
24116435462,0
24128612782,0
24128612795,0
24128612801,0
24128612811,0
24143139964,0
24143139977,0
24153664040,0
24153664057,0
24184523483,0
24184523497,0
24189017217,0
24189017220,0
24204680082,0
24204680092,0
24223102862,0
24223102872,0
24237726159,0
24237726173,0
24252430387,0
24252430396,0
24292361843,0
24292361846,0
24283328544,0
24283328555,0
24292361865,0
24292361877,0
24363375448,0
24363375461,0
24363375470,0
24363375479,0
24438688147,0
24438688155,0
24637177506,0
24637177507,0
24637177508,0
24637177514,0
24699947523,0
24699947535,0
24743997359,0
24743997364,0
24743997368,0
24743997371,0
24793389820,0
24793389822,0
24793389830,0
24793389840,0
24793389851,0
24793389865,0
24848598847,0
24848598856,0
24848598863,0
24848598869,0
25210801388,0
25210801389,0
25210801390,0
25210801391,0
24088471182,0
24088471185,0
24105166295,0
24105166304,0
24116435456,0
24116435459,0
24116435461,0
24116435463,0
24128612783,0
24128612796,0
24143139939,0
24143139950,0
24153664041,0
24153664058,0
24164982471,0
24164982478,0
24179012078,0
24179012089,0
24184523498,0
24184523511,0
24204680076,0
24204680083,0
24223102852,0
24223102863,0
24237726149,0
24237726160,0
24252430403,0
24283328534,0
24283328545,0
24297393583,0
24297393585,0
24297393590,0
24297393600,0
24305513744,0
24305513747,0
24305513757,0
24305513765,0
24317200453,0
24317200464,0
24376899883,0
24376899885,0
24376899891,0
24376899899,0
24556316769,0
24556316774,0
24556316782,0
24556316792,0
24556316807,0
24556316816,0
24726282591,0
24726282593,0
24726282595,0
24726282598,0
24726282605,0
24726282612,0
24743997357,0
24743997360,0
24793389823,0
24793389841,0
24793389855,0
24793389866,0
24848598837,0
24848598841,0
24848598848,0
24848598857,0
21787139357,0
21787139361,0
21787139365,0
21787139408,0
21859718335,0
21859718344,0
21859718360,0
21859718378,0
21909230173,0
21909230176,0
22034920025,0
22034920028,0
21954780654,0
21954780665,0
22034920063,0
22034920082,0
22367978847,0
22367978860,0
22503128729,0
22503128738,0
22574770771,0
22574770778,0
22574770790,0
22574770809,0
22688507725,0
22688507727,0
22688507735,0
22688507748,0
23054196918,0
23054196923,0
23054196925,0
23054196931,0
23336425558,0
23336425559,0
23336425560,0
23336425561,0
23336425564,0
23336425577,0
23582561413,0
23582561414,0
24779691302,0
24779691303,0
24779691304,0
24779691313,0
24793389835,0
24793389845,0
25649052110,0
26417071488,0
26417071489,0
26489408415,0
26489408417,0
26489408420,0
26489408422,0
26602609926,0
26602609929,0
26602609931,0
26602609945,0
26601063485,0
26601063494,0
26662217283,0
26662217286,0
26782877210,0
26782877211,0
26725039685,0
26725039694,0
26782877225,0
26782877229,0
27166273112,0
27166273121,0
27219985225,0
27219985234,0
27318526842,0
27318526846,0
27318526854,0
27318526871,0
28105034865,0
28105034870,0
27507217642,0
27507217647,0
28105034906,0
28105034924,0
28105034946,0
28105034959,0
21014168794,0
21014168812,0
21014168833,0
21014168862,0
21031600646,0
21031600654,0
21078231215,0
21078231218,0
21078231234,0
21078231250,0
21115287488,0
21115287516,0
21182437735,0
21182437753,0
21357856336,0
21357856337,0
21357856341,0
21357856347,0
21439409152,0
21439409177,0
21439409205,0
21439409214,0
21517098676,0
21517098698,0
21551806754,0
21551806765,0
21551806789,0
21551806816,0
21566633712,0
21566633715,0
21599539587,0
21599539594,0
21632060611,0
21632060617,0
21632060628,0
21632060636,0
21787139369,0
21859718330,0
21859718334,0
21859718359,0
21859718377,0
21945098717,0
21945098720,0
21945098722,0
21945098724,0
22367978823,0
22367978831,0
22341910577,0
22341910589,0
22542228802,0
22542228804,0
22574770766,0
22574770770,0
22574770798,0
22574770828,0
23054196912,0
23054196914,0
23054196952,0
23054196991,0
23276541539,0
23276541570,0
23503662713,0
23503662736,0
23570158534,0
23570158552,0
21014168795,0
21014168813,0
21014168832,0
21014168863,0
21026815640,0
21026815648,0
21214534111,0
21214534114,0
21279049738,0
21279049743,0
21279049744,0
21279049749,0
21279049760,0
21279049773,0
21335177751,0
21335177797,0
21439409178,0
21439409206,0
21458082908,0
21458082914,0
21526243617,0
21526243621,0
21526243630,0
21526243637,0
21551806817,0
21551806837,0
21577620859,0
21577620868,0
21608137603,0
21608137612,0
21664120465,0
21664120474,0
21787139377,0
21787139388,0
21787139406,0
21787139427,0
21799719745,0
21799719752,0
21890900359,0
21890900365,0
21890900376,0
21890900395,0
22341910567,0
22341910569,0
22341910571,0
22341910573,0
22341910579,0
22341910590,0
22542227898,0
22542227900,0
22542227918,0
22542227931,0
23054196911,0
23054196913,0
23054196915,0
23054196920,0
23054196953,0
23054196992,0
23213804121,0
23213804132,0
23503663027,0
23503663028,0
23503663033,0
23503663054,0
23992268472,0
23992268473,0
23992268474,0
23992268491,0
21022618504,0
21022618505,0
21031600645,0
21031600647,0
21031600655,0
21031600668,0
21115287470,0
21115287472,0
21078231235,0
21078231251,0
21115287489,0
21115287517,0
21182437736,0
21182437754,0
21357856342,0
21357856348,0
21357856363,0
21439409179,0
21439409207,0
21439409213,0
21517098677,0
21517098699,0
21551806755,0
21551806767,0
21551806790,0
21551806818,0
21632060587,0
21632060591,0
21608137593,0
21608137613,0
21632060618,0
21632060629,0
21787139364,0
21787139370,0
21787139378,0
21787139389,0
21787139407,0
21787139428,0
21799719746,0
21799719753,0
21945098714,0
21945098715,0
21945098716,0
21945098718,0
21945098721,0
21945098723,0
21954780663,0
21954780672,0
22341910572,0
22341910574,0
22341910578,0
22341910591,0
22367978859,0
22367978875,0
22542228806,0
22542228808,0
22574770777,0
22574770789,0
22574770799,0
22574770829,0
22597278315,0
22597278324,0
23744541448,0
23744541459,0
21084915073,0
21084915074,0
21084915093,0
21084915099,0
21214534120,0
21214534125,0
21357856333,0
21357856335,0
21357856340,0
21357856346,0
21458082907,0
21458082913,0
21551806735,0
21551806753,0
21551806766,0
21551806788,0
21551806815,0
21551806836,0
21608137586,0
21608137592,0
21608137602,0
21608137611,0
21787139368,0
21787139376,0
21787139387,0
21787139403,0
21787139426,0
21787139435,0
21890900355,0
21890900364,0
21890900377,0
21890900394,0
22034920027,0
22034920035,0
22034920048,0
22034920059,0
22034920078,0
22034920099,0
22341910576,0
22341910588,0
22542228801,0
22542228803,0
22542228805,0
22542228807,0
22542228810,0
22542228813,0
22574770797,0
22574770827,0
22597278314,0
22597278323,0
23054196919,0
23054196951,0
23168807774,0
23168807798,0
23657433889,0
23657433890,0
23503663038,0
23503663053,0
23657433891,0
23657433898,0
23821681814,0
23821681824,0
24048776211,0
24048776227,0
24128612772,0
24128612776,0
24128612780,0
24128612793,0
24143139937,0
24143139948,0
24153664026,0
24153664032,0
24153664038,0
24153664051,0
24179012062,0
24179012067,0
24184523479,0
24184523482,0
24237726135,0
24237726136,0
24237726138,0
24223102871,0
24254461744,0
24254461745,0
24252430382,0
24252430394,0
24283328531,0
24283328532,0
24283328543,0
24283328554,0
24297393584,0
24297393588,0
24297393598,0
24297393611,0
24317200437,0
24317200438,0
24317200442,0
24317200451,0
24363375450,0
24363375460,0
24438688136,0
24438688138,0
24376899897,0
24376899909,0
24438688146,0
24438688154,0
24556316790,0
24556316805,0
24699947522,0
24699947534,0
24737864027,0
24737864029,0
24737864031,0
24737864035,0
24779691306,0
24779691307,0
24779691309,0
24779691310,0
24779691316,0
24779691323,0
24793389854,0
24793389864,0
24793389879,0
24793389882,0
24848598846,0
24848598855,0
24848598862,0
24848598868,0
25989686378,0
25989686382,0
25989686388,0
25989686401,0
27219985210,0
27219985243,0
24128612802,0
24128612812,0
24143139965,0
24143139978,0
24153664042,0
24153664059,0
24179012064,0
24179012069,0
24179012079,0
24179012090,0
24184523499,0
24184523512,0
24223102840,0
24223102844,0
24237726139,0
24237726142,0
24237726150,0
24237726161,0
24252430373,0
24252430383,0
24252430397,0
24252430404,0
24283328535,0
24283328546,0
24292361855,0
24292361866,0
24297393591,0
24297393603,0
24305513745,0
24305513758,0
24317200454,0
24317200465,0
24438688134,0
24438688135,0
24438688139,0
24438688144,0
24438688148,0
24438688156,0
24556316793,0
24556316810,0
24637177509,0
24637177515,0
24699947524,0
24699947536,0
24726282599,0
24726282606,0
24726282614,0
24726282616,0
24737864032,0
24737864036,0
24764786934,0
24764786938,0
24764786943,0
24764786947,0
24793389832,0
24793389842,0
24793389852,0
24793389867,0
24793389880,0
24793389883,0
24848598851,0
24848598858,0
24848598864,0
24848598870,0
24848598877,0
24848598878,0
25434268867,0
25434268876,0
25434268883,0
25434268957,0
25700295759,0
25700295786,0
25930755455,0
25930755471,0
27318526828,0
27318526829,0
27318526840,0
27318526875,0
29275834786,0
29275834788,0
29275834791,0
29275834796,0
29275834809,0
29275834844,0
24128612773,0
24128612777,0
24128612785,0
24128612798,0
24128612803,0
24128612813,0
24143139966,0
24143139979,0
24153664043,0
24153664060,0
24184523475,0
24184523477,0
24184523480,0
24184523484,0
24184523500,0
24184523513,0
24223102841,0
24223102845,0
24223102853,0
24223102864,0
24252430367,0
24252430368,0
24252430374,0
24252430384,0
24283328528,0
24283328529,0
24283328536,0
24283328549,0
24292361856,0
24292361870,0
24297393592,0
24297393601,0
24300154538,0
24300154544,0
24305513759,0
24305513766,0
24317200455,0
24317200466,0
24376899884,0
24376899886,0
24376899893,0
24376899900,0
24438688145,0
24438688149,0
24556316783,0
24556316794,0
24556316808,0
24556316817,0
24637177516,0
24637177520,0
24699947537,0
24699947543,0
24726282607,0
24726282613,0
24743997358,0
24743997361,0
24743997365,0
24743997369,0
24779691308,0
24764786944,0
24779691312,0
24779691318,0
24779691325,0
24779691329,0
24848598842,0
24848598859,0
24848598865,0
24848598871,0
24848598874,0
24848598879,0
24885888706,0
24885888710,0
25386445300,0
25386445302,0
25386445307,0
25882162682,0
25882162715,0
25989686400,0
25989686422,0
27318526826,0
27318526830,0
27318526832,0
27318526834,0
27318526838,0
27318526873,0
24128612775,0
24128612778,0
24128612786,0
24128612799,0
24128612804,0
24128612814,0
24143139967,0
24143139980,0
24153664044,0
24153664061,0
24179012065,0
24179012080,0
24184523501,0
24184523514,0
24223102842,0
24223102846,1
24223102854,1
24223102865,1
24237726153,1
24237726162,1
24252430375,1
24252430385,1
24252430398,1
24252430405,1
24283328537,1
24283328547,1
24292361859,1
24292361867,1
24297393593,1
24297393604,1
24300154539,1
24300154545,1
24317200439,1
24317200443,1
24317200456,1
24317200467,1
24363375462,1
24363375471,1
24376899901,1
24376899910,1
24128612774,0
24128612779,0
24128612787,0
24128612800,0
24128612805,0
24128612815,0
24153664027,0
24153664033,0
24153664045,0
24153664062,0
24164982472,0
24164982479,0
24179012081,0
24179012091,0
24184523502,0
24184523515,0
24223102843,0
24223102847,0
24223102856,0
24223102866,0
24252430366,0
24252430369,0
24252430376,0
24252430399,0
24254461752,0
24254461759,0
24283328548,0
24283328556,0
24292361868,0
24292361878,0
24297393602,0
24297393612,0
24305513748,0
24305513760,0
24317200445,0
24317200457,0
24363375451,0
24363375463,0
24363375474,0
24363375480,0
24376899902,0
24376899911,0
24438688150,0
24438688157,0
24556316809,0
24556316818,0
24699947526,0
24699947538,0
24726282615,0
24726282617,0
24737864033,0
24737864037,0
24764786935,0
24764786939,0
24764786945,0
24764786948,0
24779691319,0
24779691326,0
24793389853,0
24793389868,0
24848598836,0
24848598843,0
24848598852,0
24848598860,0
24848598867,0
24848598872,0
24848598875,0
24848598880,0
25882162667,0
25882162668,0
25882162669,0
25882162672,0
25882162683,0
25882162716,0
27318526827,0
27318526831,0
27318526833,0
27318526835,0
27318526839,0
27318526874,0
28967402128,0
28967402129,0
28967402130,0
28967402131,0
28967402132,0
28967402140,0
24143139940,0
24143139951,0
24143139968,0
24164982455,0
24164982457,0
24164982460,0
24164982473,0
24179012070,0
24179012082,0
24184523485,0
24184523503,0
24189017218,0
24189017222,0
24237726137,0
24237726140,0
24237726151,0
24237726163,0
24252430377,0
24252430386,0
24252430400,0
24252430406,0
24292361847,0
24292361849,0
24292361857,0
24292361869,0
24300154533,0
24300154534,0
24300154540,0
24300154546,0
24317200440,0
24317200446,0
24317200458,0
24317200468,0
24363375464,0
24363375472,0
24376899892,0
24376899903,0
24438688143,0
24438688151,0
24556316784,0
24556316795,0
24699947516,0
24699947517,0
24699947540,0
24699947544,0
24726282608,0
24726282618,0
24743997362,0
24743997366,0
24743997370,0
24743997372,0
24793389821,0
24793389824,0
24793389843,0
24793389869,0
25434268860,0
25434268861,0
25434268862,0
25434268864,0
25434268884,0
25434268958,0
25700295760,0
25700295787,0
25930755456,0
25930755472,0
24143139941,0
24143139952,0
24143139969,0
24143139981,0
24153664046,0
24153664063,0
24184523476,0
24184523478,0
24184523481,0
24184523504,0
24189017219,0
24189017221,0
24223102848,0
24223102855,0
24237726143,0
24237726152,0
24237726164,0
24237726174,0
24252430388,0
24252430401,0
24283328530,0
24283328538,0
24292361858,0
24292361879,0
24297393605,0
24297393613,0
24305513749,0
24305513761,0
24317200444,0
24317200459,0
24363375449,0
24363375465,0
24363375473,0
24363375481,0
24376899904,0
24376899912,0
24556316785,0
24556316796,0
24637177510,0
24637177517,0
24699947525,0
24699947539,0
24726282600,0
24726282609,0
24737864028,0
24737864030,0
24737864034,0
24737864038,0
24764786936,0
24764786940,0
24764786946,0
24764786949,0
24793389831,0
24793389844,0
24793389856,0
24793389870,0
24793389878,0
24793389884,0
24848598849,0
24848598861,0
24848598866,0
24848598873,0
24848598876,0
24848598881,0
25434268863,0
25434268865,0
25434268868,0
25434268877,0
25434268885,0
25434268959,0
28105034869,0
28105034886,0
28105034904,0
28105034945,0
28105034958,0
26601063475,0
26601063477,0
26601063479,0
26601063483,0
26662217276,0
26662217282,0
26662217287,0
26662217289,0
26696776148,0
26696776153,0
26725039695,0
26725039701,0
26972452423,0
26972452426,0
27188748925,0
27188748931,0
27219985235,0
27219985244,0
27318526847,0
27318526852,0
27318526872,0
27318526882,0
27507217620,0
27507217633,0
27507217648,0
27507217654,0
28105034925,0
28105034940,0
28105034960,0
28105034975,0
28105034997,0
28105035007,0
28738981515,0
28738981532,0
28738981549,0
28738981573,0
26662217264,0
26662217271,0
26662217275,0
26662217281,0
26972452407,0
26662217288,0
26725039679,0
26725039693,0
26972452416,0
26972452425,0
27219985218,0
27219985232,0
27318526837,0
27318526843,0
27318526850,0
27318526863,0
27507217601,0
27507217617,0
28105034875,0
28105034879,0
28105034891,0
28105034914,0
28105034931,0
28105034956,0
28105034971,0
28105034991,0
28105035000,0
28105035018,0
28738981504,0
28738981530,0
26696776124,0
26696776130,0
26696776133,0
26696776154,0
26725039697,0
26725039702,0
27166273111,0
27166273122,0
27299055442,0
27299055446,0
27299055454,0
27299055460,0
27507217587,0
27507217596,0
27507217607,0
27507217622,0
27507217634,0
27507217649,0
28105034902,0
28105034927,0
28105034942,0
28105034961,0
28105034977,0
28105034998,0
28105035008,0
28105035024,0
28738981517,0
28738981534,0
28738981551,0
28738981574,0
28738981592,0
28738981616,0
28738981628,0
28738981640,0
26696776123,0
26696776129,0
26696776132,0
26725039678,0
26725039684,0
26725039696,0
26972452420,0
26972452424,0
26972452427,0
27219985215,0
27219985224,0
27219985236,0
27318526841,0
27318526848,0
27318526853,0
27507217595,0
27507217606,0
27507217621,0
28105034876,0
28105034889,0
28105034901,0
28105034926,0
28105034941,0
28105034976,0
28738981487,0
28738981491,0
28738981503,0
28738981516,0
28738981533,0
28738981550,0
28738981591,0
28738981615,0
28738981627,0
28738981639,0
28738981651,0
27166273060,0
27166273064,0
27166273067,0
27166273077,0
27166273081,0
27166273090,0
27299055433,0
27299055435,0
27166273105,0
27166273119,0
27299055439,0
27299055450,0
27318526844,0
27299055488,0
27318526864,0
27318526876,0
27507217618,0
27507217629,0
28105034880,0
28105034892,0
28105034915,0
28105034932,0
28105034957,0
28105034972,0
28738981496,0
28738981505,0
28738981545,0
28738981565,0
28738981578,0
28738981604,0
28738981619,0
28738981637,0
28738981650,0
28738981659,0
28738981665,0
28738981670,0
29275834808,0
29275834817,0
29275834827,0
29275834838,0
27166273057,0
27166273061,0
27166273068,0
27166273076,0
27166273080,0
27166273089,0
27166273065,0
27166273073,0
27299055431,0
27299055432,0
27299055434,0
27299055436,0
27299055443,0
27299055447,0
27507217584,0
27507217588,0
27507217597,0
27507217608,0
27507217623,0
27507217635,0
27507217650,0
27507217655,0
28105034928,0
28105034962,0
28105034978,0
28105035009,0
27166273071,0
27166273075,0
27166273083,0
27166273087,0
27166273093,0
27166273098,0
27299055437,0
27299055438,0
27299055441,0
27299055445,0
27299055453,0
27299055458,0
27299055513,0
27299055516,0
27318526877,0
27318526884,0
27507217632,0
27507217643,0
28105034900,0
28105034912,0
28105034934,0
28105034947,0
28105034974,0
28105034989,0
28738981490,0
28738981495,0
28738981507,0
28738981520,0
28738981548,0
28738981564,0
28738981590,0
28738981603,0
28967402138,0
28967402141,0
29275834801,0
29275834805,0
28967402155,0
28967402159,0
29275834829,0
29275834837,0
27166273070,0
27166273074,0
27166273082,0
27166273086,0
27166273092,0
27166273097,0
27299055440,0
27299055444,0
27299055452,0
27299055457,0
27299055512,0
27299055515,0
27507217612,0
27507217631,0
28105034878,0
28105034899,0
28105034913,0
28105034933,0
28105034948,0
28105034973,0
28105034990,0
28105035006,0
28105035017,0
28105035025,0
28738981519,0
28738981547,0
28738981563,0
28738981589,0
28738981602,0
28738981621,0
28967402134,0
28967402137,0
28967402154,0
28967402160,0
29275834828,0
29275834836,0
29275834852,0
29275834860,0
27299055449,0
27299055456,0
27507217586,0
27507217589,0
27507217610,0
27507217625,0
27507217637,0
27507217652,0
28105034903,0
28105034930,0
28105034944,0
28105034980,0
28105035011,0
28105035027,0
28738981536,0
28738981553,0
28738981576,0
28738981594,0
28738981618,0
28738981630,0
28738981642,0
28738981653,0
29465046207,0
28967402147,0
28967402158,0
28967402162,0
28967402163,0
29275834853,0
29275834870,0
29275834875,0
27299055448,0
27299055455,0
27299055461,0
27299055514,0
27507217598,0
27507217609,0
27507217624,0
27507217636,0
27507217651,0
27507217656,0
28105034929,0
28105034943,0
28105034963,0
28105034979,0
28105034999,0
28105035010,0
28738981518,0
28738981535,0
28738981552,0
28738981575,0
28738981593,0
28738981617,0
28738981629,0
28738981641,0
28738981652,0
28738981664,0
27299055451,0
27299055459,0
27299055489,0
27299055517,0
27507217602,0
27507217619,0
27507217630,0
27507217644,0
28105034893,0
28105034916,0
28738981497,0
28738981506,0
28738981531,0
28738981546,0
28738981566,0
28738981579,0
28738981605,0
28738981620,0
28738981638,0
28738981649,0
27166273059,0
27166273063,0
27166273058,0
27166273062,0
27166273066,0
